{"cameraMode":{"drawMode":0,"name":"Shaded","section":"Shading Mode"},"sceneLighting":false,"audioPlay":false,"sceneViewState":{"showFog":true,"showMaterialUpdate":false,"showSkybox":false,"showFlares":true,"showImageEffects":true,"showParticleSystems":true},"in2DMode":false,"pivot":{"x":2.0901055335998537,"y":-1.313135027885437,"z":6.21116828918457},"rotation":{"x":0.06224959343671799,"y":0.1786644607782364,"z":-0.011320377700030804,"w":0.9818736910820007},"size":0.8589969873428345,"orthographic":false}